{
  "marker_top_right": {
    "x": 9.4068,
    "y": -9.39923,
    "z": 0.55
  },
  "marker_bottom_right": {
    "x": -9.23389,
    "y": -9.39313,
    "z": 0.549997
  },
  "marker_top_left": {
    "x": 9.42472,
    "y": 9.27475,
    "z": 0.55
  },
  "marker_bottom_left": {
    "x": -9.26194,
    "y": 9.27499,
    "z": 0.549996
  },
  "goal": {
    "x": 9.22017,
    "y": 0.319619,
    "z": 0
  }
}
